URL,Title,Price
https://msbooks.pk/product/o-level-unsolved-yearly-english-language-paper-2-ten-years/,"
                O Leve Yearly Unsolved English Language Paper 2 Writing (S15-W19)            ",1500
https://msbooks.pk/product/o-level-add-math-notes-by-rafique-akhtar/,"
                O Level Add Math Notes by Rafique Akhtar            ",1350
https://msbooks.pk/product/o-level-biology-notes-by-abid-aziz/,"
                O Level Biology Notes by Abid Aziz            ",1500
https://msbooks.pk/product/o-level-biology-notes-by-dr-sadia-khalid/,"
                O Level Biology Notes by Dr. Sadia Khalid            ",1550
https://msbooks.pk/product/o-level-biology-notes-by-hamza-fayyaz/,"
                O Level Biology Notes by Hamza Fayyaz            ",1350
https://msbooks.pk/product/o-level-business-studies-notes-by-tayyab-elahi/,"
                O Level Business Studies Notes by Tayyab Elahi            ",1100
https://msbooks.pk/product/o-level-chemistry-notes-by-zafar-iqbal/,"
                O Level Chemistry Notes by Zafar Iqbal            ",750
https://msbooks.pk/product/o-level-computer-notes-p1-and-p2-by-navid-saqib/,"
                O Level Computer Notes P1 & P2 by Navid Saqib            ",1050
https://msbooks.pk/product/o-level-economics-notes-by-zubair-hussain/,"
                O Level Economics Notes By Zubair Hussain            ",450
https://msbooks.pk/product/o-level-english-notes-by-muavia-bashir-uppal/,"
                O Level English Notes by Muavia Bashir Uppal            ",900
https://msbooks.pk/product/o-level-geography-by-faisal-salman/,"
                O Level Geography by Faisal Salman            ",900
https://msbooks.pk/product/o-level-geography-notes-by-dr-iftikhar-ul-haq/,"
                O Level Geography Notes by Dr. Iftikhar ul Haq            ",900
https://msbooks.pk/product/o-level-geography-notes-by-dr-usman-hameed/,"
                O Level Geography Notes by Dr. Usman Hameed            ",1200
https://msbooks.pk/product/o-level-geography-notes-by-zubair-Ahmed-Bhatti/,"
                O Level Geography Notes by Dr. Zubair Ahmed Bhatti            ",700
https://msbooks.pk/product/o-level-history-notes-by-dr-iftikhar-ul-haq/,"
                O Level History Notes by Dr. Iftikhar ul Haq            ",1150
https://msbooks.pk/product/o-level-history-notes-by-dr-usman-hameed/,"
                O Level History Notes by Dr. Usman Hameed            ",1200
https://msbooks.pk/product/o-level-history-notes-by-zubair-Ahmed-Bhatti/,"
                O Level History Notes by Dr. Zubair Ahmed Bhatti            ",700
https://msbooks.pk/product/o-level-islamiyat-notes-by-Ayesha-Azhar/,"
                O Level Islamiyat Notes by Ayesha Azhar            ",1200
https://msbooks.pk/product/o-level-islamiyat-notes-by-dr-iftikhar-ul-haq/,"
                O Level Islamiyat Notes by Dr. Iftikhar ul Haq            ",1550
https://msbooks.pk/product/o-level-mathematics-notes-by-rafique-akhtar/,"
                O Level Mathematics Notes by Rafique Akhtar            ",1950
https://msbooks.pk/product/o-level-physics-notes-by-hamiz-javed/,"
                O Level Physics Notes by Hamiz javed            ",1200
https://msbooks.pk/product/o-level-physics-notes-by-mirza-irshad-baig/,"
                O Level Physics Notes by Mirza Irshad Baig            ",500
https://msbooks.pk/product/o-level-statistics-notes-by-rafique-akhtar/,"
                O Level Statistics Notes by Rafique Akhtar            ",1000
https://msbooks.pk/product/o-level-unsolved-yearly-travel-and-tour-paper-1-five-years/,"
                O Level Travel & Tour Paper 1 (W21-W25)            ",900
https://msbooks.pk/product/o-level-unsolved-yearly-travel-and-tour-paper-2-five-years/,"
                O Level Travel & Tour Paper 2 (W21-W25)            ",800
https://msbooks.pk/product/o-level-Urdu-notes-by-zohair-latif/,"
                O Level Urdu Notes by Zohair Latif            ",800
https://msbooks.pk/product/o-level-unsolved-yearly-accounting-paper-1-ten-years/,"
                O Level Yearly Unsolved Accounting Paper 1 (S15-W19)            ",650
https://msbooks.pk/product/o-level-unsolved-yearly-accounting-paper-1-five-years/,"
                O Level Yearly Unsolved Accounting Paper 1 (S21-W25)            ",750
https://msbooks.pk/product/o-level-unsolved-yearly-accounting-paper-2-ten-years/,"
                O Level Yearly Unsolved Accounting Paper 2 (S15-W19)            ",1900
https://msbooks.pk/product/o-level-unsolved-yearly-accounting-paper-2-five-years/,"
                O Level Yearly Unsolved Accounting Paper 2 (S21-W25)            ",1600
https://msbooks.pk/product/o-level-unsolved-yearly-add-maths-paper-1-five-years/,"
                O Level Yearly Unsolved Add Maths Paper 1 (S21-W25)            ",1550
https://msbooks.pk/product/o-level-unsolved-yearly-add-maths-paper-2-five-years/,"
                O Level Yearly Unsolved Add Maths Paper 2 (S21-W25)            ",1600
https://msbooks.pk/product/o-level-unsolved-yearly-addmaths-paper-1-ten-years/,"
                O Level Yearly Unsolved AddMaths Paper 1 (S15-W19)            ",1550
https://msbooks.pk/product/o-level-unsolved-yearly-addmaths-paper-2-ten-years/,"
                O Level Yearly Unsolved AddMaths Paper 2 (S15-W19)            ",1450
https://msbooks.pk/product/o-level-unsolved-yearly-biology-paper-1-ten-years/,"
                O Level Yearly Unsolved Biology Paper 1 (S15-W19)            ",1000
https://msbooks.pk/product/o-level-unsolved-yearly-biology-paper-1-five-years/,"
                O Level Yearly Unsolved Biology Paper 1 (S21-W25)            ",1150
https://msbooks.pk/product/o-level-unsolved-yearly-biology-paper-2-ten-years/,"
                O Level Yearly Unsolved Biology Paper 2 (S15-W19)            ",1500
https://msbooks.pk/product/o-level-unsolved-yearly-biology-paper-2-five-years/,"
                O Level Yearly Unsolved Biology Paper 2 (S21-W25)            ",1200
https://msbooks.pk/product/o-level-unsolved-yearly-biology-paper-6-five-years/,"
                O Level Yearly Unsolved Biology Paper 4 (S21-W25)            ",700
https://msbooks.pk/product/o-level-unsolved-yearly-biology-paper-6-ten-years/,"
                O Level Yearly Unsolved Biology Paper 6 (S15-W19)            ",850
https://msbooks.pk/product/o-level-unsolved-yearly-business-studies-paper-1-ten-years/,"
                O Level Yearly Unsolved Business Studies Paper 1 (S15-W19)            ",1500
https://msbooks.pk/product/o-level-unsolved-yearly-business-studies-paper-1-five-years/,"
                O Level Yearly Unsolved Business Studies Paper 1(S21-W25)            ",1200
https://msbooks.pk/product/o-level-unsolved-yearly-business-studies-paper-2-ten-years/,"
                O Level Yearly Unsolved Business Studies Paper 2 (S15-W19)            ",1450
https://msbooks.pk/product/o-level-unsolved-yearly-business-studies-paper-2-five-years/,"
                O Level Yearly Unsolved Business Studies Paper 2 (S21-W25)            ",1750
https://msbooks.pk/product/o-level-unsolved-yearly-chemistry-paper-1-ten-years/,"
                O Level Yearly Unsolved Chemistry Paper 1 (S15-W18)            ",700
https://msbooks.pk/product/o-level-unsolved-yearly-chemistry-paper-1-five-years/,"
                O Level Yearly Unsolved Chemistry Paper 1 (S19-W25)            ",1400
https://msbooks.pk/product/o-level-unsolved-yearly-chemistry-paper-2-ten-years/,"
                O Level Yearly Unsolved Chemistry Paper 2 (S15-W19)            ",1550
https://msbooks.pk/product/o-level-unsolved-yearly-chemistry-paper-2-five-years/,"
                O Level Yearly Unsolved Chemistry Paper 2 (S20-W25)            ",1550
https://msbooks.pk/product/o-level-unsolved-yearly-chemistry-paper-4-ten-years/,"
                O Level Yearly Unsolved Chemistry Paper 4 (S15-W19)            ",1200
https://msbooks.pk/product/o-level-unsolved-yearly-chemistry-paper-4-five-years/,"
                O Level Yearly Unsolved Chemistry Paper 4 (S21-W25)            ",900
https://msbooks.pk/product/o-level-unsolved-yearly-combined-science-paper-1-ten-years/,"
                O Level Yearly Unsolved Combined Science Paper 1 (S15-W19)            ",1050
https://msbooks.pk/product/o-level-unsolved-yearly-combined-science-paper-1-five-years/,"
                O Level Yearly Unsolved Combined Science Paper 1 (S21-W25)            ",1050
https://msbooks.pk/product/o-level-unsolved-yearly-combined-science-paper-2-ten-years/,"
                O Level Yearly Unsolved Combined Science Paper 2 (S15-W19)            ",2050
https://msbooks.pk/product/o-level-unsolved-yearly-combined-science-paper-2-five-years/,"
                O Level Yearly Unsolved Combined Science Paper 2 (S21-W25)            ",1500
https://msbooks.pk/product/o-level-unsolved-yearly-commerce-paper-1-ten-years/,"
                O Level Yearly Unsolved Commerce Paper 1 (S15-W19)            ",700
https://msbooks.pk/product/o-level-unsolved-yearly-commerce-paper-1-five-years/,"
                O Level Yearly Unsolved Commerce Paper 1 (S21-W25)            ",750
https://msbooks.pk/product/o-level-unsolved-yearly-commerce-paper-2-ten-years/,"
                O Level Yearly Unsolved Commerce Paper 2 (S15-W19)            ",1550
https://msbooks.pk/product/o-level-unsolved-yearly-commerce-paper-2-five-years/,"
                O Level Yearly Unsolved Commerce Paper 2 (S21-W25)            ",1300
https://msbooks.pk/product/o-level-unsolved-yearly-computer-science-paper-1-ten-years/,"
                O Level Yearly Unsolved Computer Science Paper 1 (S15-W19)            ",1450
https://msbooks.pk/product/o-level-unsolved-yearly-computer-science-paper-1-five-years/,"
                O Level Yearly Unsolved Computer Science Paper 1 (S21-W25)            ",950
https://msbooks.pk/product/o-level-unsolved-yearly-unsolved-yearly-computer-science-paper-2-ten-years/,"
                O Level Yearly Unsolved Computer Science Paper 2 (S15-W19)            ",1250
https://msbooks.pk/product/o-level-unsolved-yearly-computer-science-paper-2-five-years/,"
                O Level Yearly Unsolved Computer Science Paper 2 (S21-W25)            ",1200
https://msbooks.pk/product/o-level-unsolved-yearly-economics-paper-1-ten-years/,"
                O Level Yearly Unsolved Economics Paper 1 (S15-W19)            ",650
https://msbooks.pk/product/o-level-unsolved-yearly-economics-paper-1-five-years/,"
                O Level Yearly Unsolved Economics Paper 1 (S21-W25)            ",700
https://msbooks.pk/product/o-level-unsolved-yearly-economics-paper-2-ten-years/,"
                O Level Yearly Unsolved Economics Paper 2 (S15-W19)            ",1300
https://msbooks.pk/product/o-level-unsolved-yearly-economics-paper-2-five-years/,"
                O Level Yearly Unsolved Economics Paper 2 (S21-W25)            ",800
https://msbooks.pk/product/o-level-unsolved-yearly-english-language-paper-1-five-years/,"
                O Level Yearly Unsolved English Language P1 Reading (S21-W25)            ",1500
https://msbooks.pk/product/o-level-unsolved-yearly-english-language-paper-2-five-years/,"
                O Level Yearly Unsolved English Language P2 Writing  (S21-W25)            ",750
https://msbooks.pk/product/o-level-unsolved-yearly-english-language-paper-1-ten-years/,"
                O Level Yearly Unsolved English Language Paper 1 Reading (S15-W19)            ",750
https://msbooks.pk/product/o-level-unsolved-yearly-english-literature-paper-1-five-years/,"
                O Level Yearly Unsolved English Literature Paper 1  (S21-W25)            ",1650
https://msbooks.pk/product/o-level-unsolved-yearly-english-literature-paper-1-ten-years/,"
                O Level Yearly Unsolved English Literature Paper 1 (S15-W19)            ",1850
https://msbooks.pk/product/o-level-unsolved-yearly-english-literature-paper-2-ten-years/,"
                O Level Yearly Unsolved English Literature Paper 2  (S15-W19)            ",950
https://msbooks.pk/product/o-level-unsolved-yearly-english-literature-paper-2-five-years/,"
                O Level Yearly Unsolved English Literature Paper 2 (S21-W25)            ",800
https://msbooks.pk/product/o-level-unsolved-yearly-environmental-management-paper-1-ten-years/,"
                O Level Yearly Unsolved Environmental Management Paper 1 (S15-W19)            ",2250
https://msbooks.pk/product/o-level-unsolved-yearly-environmental-management-paper-1-five-years/,"
                O Level Yearly Unsolved Environmental Management Paper 1 (S21-W25)            ",750
https://msbooks.pk/product/o-level-unsolved-yearly-environmental-management-paper-2-ten-years/,"
                O Level Yearly Unsolved Environmental Management Paper 2 (S15-W19)            ",1450
https://msbooks.pk/product/o-level-unsolved-yearly-environmental-management-paper-2-five-years/,"
                O Level Yearly Unsolved Environmental Management Paper 2 (S21-W25)            ",800
https://msbooks.pk/product/o-level-unsolved-yearly-food-and-nutrition-paper-1-and-2-ten-years/,"
                O Level Yearly Unsolved Food & Nutrition Paper 1 & 2 (S15-W19)            ",1600
https://msbooks.pk/product/o-level-unsolved-yearly-food-and-nutrition-paper-1-and-2-five-years/,"
                O Level Yearly Unsolved Food & Nutrition Paper 1 & 2 (S21-W25)            ",1800
https://msbooks.pk/product/o-level-unsolved-yearly-geography-paper-2-ten-years/,"
                O Level Yearly Unsolved Geography Paper 2 (S15-W19)            ",1350
https://msbooks.pk/product/o-level-unsolved-yearly-geography-paper-2-five-years/,"
                O Level Yearly Unsolved Geography Paper 2 (S20-W25)            ",1950
https://msbooks.pk/product/ol-unsolved-yearly-global-prescriptive-paper-1-five-years/,"
                O Level Yearly Unsolved Global Prescriptive Paper 1 (S20-S25)            ",650
https://msbooks.pk/product/o-level-unsolved-yearly-history-paper-1-ten-years/,"
                O Level Yearly Unsolved History Paper 1 (S15-W19)            ",600
https://msbooks.pk/product/o-level-unsolved-yearly-history-paper-1-five-years/,"
                O Level Yearly Unsolved History Paper 1 (S21-W25)            ",500
https://msbooks.pk/product/o-level-unsolved-yearly-islamiyat-paper-1-ten-years/,"
                O Level Yearly Unsolved Islamiyat Paper 1 (S15-W19)            ",1800
https://msbooks.pk/product/o-level-unsolved-yearly-islamiyat-paper-1-five-years/,"
                O Level Yearly Unsolved Islamiyat Paper 1 (S21-W25)            ",1900
https://msbooks.pk/product/o-level-unsolved-yearly-islamiyat-paper-2-ten-years/,"
                O Level Yearly Unsolved Islamiyat Paper 2 (S15-W19)            ",1600
https://msbooks.pk/product/o-level-unsolved-yearly-islamiyat-paper-2-five-years/,"
                O Level Yearly Unsolved Islamiyat Paper 2 (S21-W25)            ",1800
https://msbooks.pk/product/o-level-unsolved-yearly-mathematics-paper-1-ten-years/,"
                O Level Yearly Unsolved Mathematics Paper 1 (S15-W19)            ",1600
https://msbooks.pk/product/o-level-unsolved-yearly-mathematics-paper-1-five-years/,"
                O Level Yearly Unsolved Mathematics Paper 1 (S20-W25)            ",1800
https://msbooks.pk/product/o-level-unsolved-yearly-mathematics-paper-2-ten-years/,"
                O Level Yearly Unsolved Mathematics Paper 2 (S15-W19)            ",1750
https://msbooks.pk/product/o-level-unsolved-yearly-mathematics-paper-2-five-years/,"
                O Level Yearly Unsolved Mathematics Paper 2 (S20-W25)            ",2000
https://msbooks.pk/product/o-level-unsolved-yearly-physics-paper-1-ten-years/,"
                O Level Yearly Unsolved Physics Paper 1 (S15-W19)            ",800
https://msbooks.pk/product/o-level-unsolved-yearly-physics-paper-1-five-years/,"
                O Level Yearly Unsolved Physics Paper 1 (S19-W25)            ",1450
https://msbooks.pk/product/o-level-unsolved-yearly-physics-paper-2-five-years/,"
                O Level Yearly Unsolved Physics Paper 2  (S20-W25)            ",1650
https://msbooks.pk/product/o-level-unsolved-yearly-physics-paper-2-ten-years/,"
                O Level Yearly Unsolved Physics Paper 2 (S15-W19)            ",1600
https://msbooks.pk/product/o-level-unsolved-yearly-physics-paper-4-ten-years/,"
                O Level Yearly Unsolved Physics Paper 4  (S15-W19)            ",800
https://msbooks.pk/product/o-level-unsolved-yearly-physics-paper-4-five-years/,"
                O Level Yearly Unsolved Physics Paper 4 (S21-W25)            ",950
https://msbooks.pk/product/o-level-unsolved-yearly-sociology-paper-1-ten-years/,"
                O Level Yearly Unsolved Sociology Paper 1 (S15-W19)            ",1250
https://msbooks.pk/product/o-level-unsolved-yearly-sociology-paper-1-five-years/,"
                O Level Yearly Unsolved Sociology Paper 1 (S21-W25)            ",700
https://msbooks.pk/product/o-level-unsolved-yearly-sociology-paper-2-ten-years/,"
                O Level Yearly Unsolved Sociology Paper 2 (S15-W19)            ",1700
https://msbooks.pk/product/o-level-unsolved-yearly-sociology-paper-2-five-years/,"
                O Level Yearly Unsolved Sociology Paper 2 (S21-W25)            ",950
https://msbooks.pk/product/o-level-unsolved-yearly-statistics-paper-1-ten-years/,"
                O Level Yearly Unsolved Statistics Paper 1 (W15-W19)            ",800
https://msbooks.pk/product/o-level-unsolved-yearly-statistics-paper-1-five-years/,"
                O Level Yearly Unsolved Statistics Paper 1 (W21-W25)            ",750
https://msbooks.pk/product/o-level-unsolved-yearly-statistics-paper-2-ten-years/,"
                O Level Yearly Unsolved Statistics Paper 2 (W15-W19)            ",750
https://msbooks.pk/product/o-level-unsolved-yearly-statistics-paper-2-five-years/,"
                O Level Yearly Unsolved Statistics Paper 2 (W20-W24)            ",800
https://msbooks.pk/product/o-level-unsolved-yearly-travel-and-tour-paper-1-ten-years/,"
                O Level Yearly Unsolved Travel & Tour Paper 1 (W15-W19)            ",850
https://msbooks.pk/product/o-level-unsolved-yearly-travel-and-tour-paper-2-ten-years/,"
                O Level Yearly Unsolved Travel & Tour Paper 2 (W15-W19)            ",800
https://msbooks.pk/product/o-level-unsolved-yearly-urdu-a-paper-1-and-2-five-years/,"
                O Level Yearly Unsolved Urdu A Paper 1 & 2  (S21-S25)            ",550
https://msbooks.pk/product/o-level-unsolved-yearly-urdu-a-paper-1-and-2-ten-years/,"
                O Level Yearly Unsolved Urdu A Paper 1 & 2 (S14-S24)            ",900
https://msbooks.pk/product/o-level-unsolved-yearly-urdu-b-paper-1-and-2-ten-years/,"
                O Level Yearly Unsolved Urdu B Paper 1 & 2 (S15-W24)            ",2050
https://msbooks.pk/product/o-level-unsolved-yearly-urdu-b-paper-1-and-2-five-years/,"
                O Level Yearly Unsolved Urdu B Paper 1 & 2 (S21-W25)            ",1000
https://msbooks.pk/product/o-level-unsolved-topical-Accounting-paper-1/,"
                O-L Unsolved Topical Accounting Paper 1 (2025-2026 Edition)            ",1100
https://msbooks.pk/product/o-level-unsolved-topical-Accounting-paper-2/,"
                O-L Unsolved Topical Accounting Paper 2 (2025-2026 Edition)            ",1550
https://msbooks.pk/product/o-level-unsolved-topical-biology-paper-1/,"
                O-L Unsolved Topical Biology Paper 1 (2025-2026 Edition)            ",1250
https://msbooks.pk/product/o-level-unsolved-topical-biology-paper-2/,"
                O-L Unsolved Topical Biology Paper 2 (2025-2026 Edition)            ",1700
https://msbooks.pk/product/o-level-unsolved-topical-biology-paper-4/,"
                O-L Unsolved Topical Biology Paper 4 (2025-2026 Edition)            ",1950
https://msbooks.pk/product/o-level-unsolved-topical-Business-paper-1/,"
                O-L Unsolved Topical Business Studies Paper 1 (2025-2026 Edition)            ",2150
https://msbooks.pk/product/o-level-unsolved-topical-Business-paper-2/,"
                O-L Unsolved Topical Business Studies Paper 2 (2025-2026 Edition)            ",2400
https://msbooks.pk/product/o-level-unsolved-topical-chemistry-paper-1/,"
                O-L Unsolved Topical Chemistry Paper 1 (2025-2026 Edition)            ",1200
https://msbooks.pk/product/o-level-unsolved-topical-chemistry-paper-2/,"
                O-L Unsolved Topical Chemistry Paper 2 (2025-2026 Edition)            ",1700
https://msbooks.pk/product/o-level-unsolved-topical-chemistry-paper-4/,"
                O-L Unsolved Topical Chemistry Paper 4 (2025-2026 Edition)            ",1300
https://msbooks.pk/product/o-level-unsolved-topical-computer-science-paper-1/,"
                O-L Unsolved Topical Computer Science Paper 1 (2026-2027 Edition)            ",1600
https://msbooks.pk/product/o-level-unsolved-topical-computer-science-paper-2/,"
                O-L Unsolved Topical Computer Science Paper 2 (2026-2027 Edition)            ",1850
https://msbooks.pk/product/o-level-unsolved-topical-Economics-paper-1/,"
                O-L Unsolved Topical Economics Paper 1 (2025-2026 Edition)            ",1200
https://msbooks.pk/product/o-level-unsolved-topical-geography-paper-2/,"
                O-L Unsolved Topical Geography Paper 2 (2026-2027 Edition)            ",2300
https://msbooks.pk/product/o-level-unsolved-topical-history-paper-1/,"
                O-L Unsolved Topical History Paper 1 (2025-2026 Edition)            ",1800
https://msbooks.pk/product/o-level-unsolved-topical-Economics-paper-2-Macro/,"
                O-L Unsolved Topical MACRO Economics Paper 2  (2025-2026 Edition)            ",2000
https://msbooks.pk/product/o-level-unsolved-topical-mathematics-paper-1/,"
                O-L Unsolved Topical Mathematics Paper 1 (2025-2026 Edition)            ",2100
https://msbooks.pk/product/o-level-unsolved-topical-mathematics-paper-2/,"
                O-L Unsolved Topical Mathematics Paper 2 (2025-2026 Edition)            ",2000
https://msbooks.pk/product/o-level-unsolved-topical-Economics-paper-2-Micro/,"
                O-L Unsolved Topical MICRO Economics Paper 2 (2025-2026 Edition)            ",1600
https://msbooks.pk/product/o-level-unsolved-topical-physics-paper-1/,"
                O-L Unsolved Topical Physics Paper 1 (2025-2026 Edition)            ",1150
https://msbooks.pk/product/o-level-unsolved-topical-physics-paper-2/,"
                O-L Unsolved Topical Physics Paper 2 (2025-2026 Edition)            ",2250
https://msbooks.pk/product/o-level-unsolved-topical-physics-paper-4/,"
                O-L Unsolved Topical Physics Paper 4 (2025-2026 Edition)            ",1450
https://msbooks.pk/product/o-level-unsolved-topical-islamiyat-paper-1/,"
                OL Unsolved Topical Islamiyat Paper 1 (2026-2027 Edition)            ",2050
https://msbooks.pk/product/o-level-unsolved-topical-islamiyat-paper-2/,"
                OL Unsolved Topical Islamiyat Paper 2 (2026-2027 Edition)            ",2050
https://msbooks.pk/product/a-level-business-notes-by-tayyab-elahi/,"
                A level Business Notes by Tayyab Elahi            ",2500
https://msbooks.pk/product/a-level-computer-p1-notes-by-navid-saqib/,"
                A Level Computer P1 Notes by Navid Saqib.            ",700
https://msbooks.pk/product/a-level-computer-p2-python-notes-by-navid-saqib/,"
                A Level Computer P2 (python) Notes by Navid Saqib            ",800
https://msbooks.pk/product/a-level-computer-p2-v-b-notes-by-navid-saqib/,"
                A Level Computer P2 (V.B) Notes by Navid Saqib            ",1200
https://msbooks.pk/product/a-level-computer-p4-vb-notes-by-navid-saqib/,"
                A Level Computer P4 (VB) Notes by Navid Saqib            ",700
https://msbooks.pk/product/a-level-unsolved-yearly-english-literature-paper-3-five-years/,"
                A Level English Literature Paper 1 (S21-W25)            ",1750
https://msbooks.pk/product/a-level-unsolved-yearly-english-literature-paper-4-five-years/,"
                A Level English Literature Paper 2 (S21-W25)            ",1650
https://msbooks.pk/product/a-level-unsolved-yearly-english-literature-paper-5-five-years/,"
                A Level English Literature Paper 3 (S21-W25)            ",1350
https://msbooks.pk/product/a-level-unsolved-yearly-english-literature-paper-6-five-years/,"
                A Level English Literature Paper 4 (S21-W25)            ",2800
https://msbooks.pk/product/a-level-physics-notes-by-syed-jibran-ali/,"
                A Level Physics Notes by Syed Jibran Ali            ",1000
https://msbooks.pk/product/a-level-urdu-notes-by-mujtaba-hassan-jafri/,"
                A level Urdu Notes By Mujtaba Hassan Jafri            ",650
https://msbooks.pk/product/a-level-unsolved-yearly-accounting-paper-1-five-years/,"
                A Level Yearly Unsolved Accounting Paper 1 (S21-W25)            ",1100
https://msbooks.pk/product/a-level-unsolved-yearly-accounting-paper-2-five-years/,"
                A Level Yearly Unsolved Accounting Paper 2 (S21-W25)            ",2400
https://msbooks.pk/product/a-level-unsolved-yearly-accounting-paper-3-five-years/,"
                A Level Yearly Unsolved Accounting Paper 3 (S21-W25)            ",3100
https://msbooks.pk/product/a-level-unsolved-yearly-accounting-paper-4-five-years/,"
                A Level Yearly Unsolved Accounting Paper 4 (S23-W25)            ",1050
https://msbooks.pk/product/a-level-unsolved-yearly-biology-paper-1-five-years/,"
                A Level Yearly Unsolved Biology Paper 1 (S21-W25)            ",1900
https://msbooks.pk/product/a-level-unsolved-yearly-biology-paper-2-five-years/,"
                A Level Yearly Unsolved Biology Paper 2 (S21-W25)            ",2200
https://msbooks.pk/product/a-level-unsolved-yearly-biology-paper-3-five-years/,"
                A Level Yearly Unsolved Biology Paper 3 (S20-S25)            ",1150
https://msbooks.pk/product/a-level-unsolved-yearly-biology-paper-4-five-years/,"
                A Level Yearly Unsolved Biology Paper 4 (S21-W25)            ",2350
https://msbooks.pk/product/a-level-unsolved-yearly-biology-paper-5-five-years/,"
                A Level Yearly Unsolved Biology Paper 5 (S21-W25)            ",1150
https://msbooks.pk/product/a-level-unsolved-yearly-business-studies-paper-1-five-years/,"
                A Level Yearly Unsolved Business Studies Paper 1 (S21-W25)            ",2100
https://msbooks.pk/product/a-level-unsolved-yearly-business-studies-paper-2-five-years/,"
                A Level Yearly Unsolved Business Studies Paper 2 (S21-W25)            ",1750
https://msbooks.pk/product/a-level-unsolved-yearly-business-studies-paper-3-five-years/,"
                A Level Yearly Unsolved Business Studies Paper 3 (S21-W25)            ",2800
https://msbooks.pk/product/a-level-unsolved-yearly-business-studies-paper-4-five-years/,"
                A Level Yearly Unsolved Business Studies Paper 4 (S23-W25)            ",950
https://msbooks.pk/product/a-level-unsolved-yearly-chemistry-paper-1-five-years/,"
                A Level Yearly Unsolved Chemistry Paper 1 (S21-W25)            ",1450
https://msbooks.pk/product/a-level-unsolved-yearly-chemistry-paper-2-five-years/,"
                A Level Yearly Unsolved Chemistry Paper 2 (S21-W25)            ",1500
https://msbooks.pk/product/a-level-unsolved-yearly-chemistry-paper-3-five-years/,"
                A Level Yearly Unsolved Chemistry Paper 3 (S20-S25)            ",1300
https://msbooks.pk/product/a-level-unsolved-yearly-chemistry-paper-4-five-years/,"
                A Level Yearly Unsolved Chemistry Paper 4 (S21-W25)            ",2000
https://msbooks.pk/product/a-level-unsolved-yearly-chemistry-paper-5-five-years/,"
                A Level Yearly Unsolved Chemistry Paper 5 (S21-W25)            ",900
https://msbooks.pk/product/a-level-unsolved-yearly-computer-science-paper-1-five-years/,"
                A Level Yearly Unsolved Computer Science Paper 1 (S21-W25)            ",2250
https://msbooks.pk/product/a-level-unsolved-yearly-computer-science-paper-2-five-years/,"
                A Level Yearly Unsolved Computer Science Paper 2 (S21-W25)            ",3100
https://msbooks.pk/product/a-level-unsolved-yearly-computer-science-paper-3-five-years/,"
                A Level Yearly Unsolved Computer Science Paper 3 (S21-W25)            ",1600
https://msbooks.pk/product/a-level-unsolved-yearly-computer-science-paper-4-five-years/,"
                A Level Yearly Unsolved Computer Science Paper 4 (S21-W25)            ",2400
https://msbooks.pk/product/a-level-unsolved-yearly-economics-paper-1-five-years/,"
                A Level Yearly Unsolved Economics Paper 1 (S21-W25)            ",1200
https://msbooks.pk/product/a-level-unsolved-yearly-economics-paper-2-five-years/,"
                A Level Yearly Unsolved Economics Paper 2 (S21-W25)            ",1650
https://msbooks.pk/product/a-level-unsolved-yearly-economics-paper-3-five-years/,"
                A Level Yearly Unsolved Economics Paper 3 (S21-W25)            ",1200
https://msbooks.pk/product/a-level-unsolved-yearly-economics-paper-4-five-years/,"
                A Level Yearly Unsolved Economics Paper 4 (S21-W25)            ",1250
https://msbooks.pk/product/a-level-unsolved-yearly-english-language-paper-1-five-years/,"
                A Level Yearly Unsolved English Language Paper 1 (S21-W25)            ",1600
https://msbooks.pk/product/a-level-unsolved-yearly-english-language-paper-2-five-years/,"
                A Level Yearly Unsolved English Language Paper 2 (S21-W25)            ",700
https://msbooks.pk/product/a-level-unsolved-yearly-english-language-paper-3-five-years/,"
                A Level Yearly Unsolved English Language Paper 3 (S21-W25)            ",1100
https://msbooks.pk/product/a-level-unsolved-yearly-english-language-paper-4-five-years/,"
                A Level Yearly Unsolved English Language Paper 4 (S21-W25)            ",500
https://msbooks.pk/product/a-level-unsolved-yearly-environmental-management-paper-1-five-years/,"
                A Level Yearly Unsolved Environmental Management  Paper 1 (S21-W25)            ",2200
https://msbooks.pk/product/a-level-unsolved-yearly-environmental-management-paper-2-five-years/,"
                A Level Yearly Unsolved Environmental Management  Paper 2 (S21-W25)            ",2000
https://msbooks.pk/product/a-level-unsolved-yearly-further-mathematics-paper-1-five-years/,"
                A Level Yearly Unsolved Further Mathematics Paper 1 (S21-W25)            ",2100
https://msbooks.pk/product/a-level-unsolved-yearly-further-mathematics-paper-2-five-years/,"
                A Level Yearly Unsolved Further Mathematics Paper 2 (S21-W25)            ",2150
https://msbooks.pk/product/a-level-unsolved-yearly-further-mathematics-paper-1-five-years/,"
                A Level Yearly Unsolved Further Mathematics Paper 3 (S21-W25)            ",1700
https://msbooks.pk/product/a-level-unsolved-yearly-further-mathematics-paper-1-five-years/,"
                A Level Yearly Unsolved Further Mathematics Paper 4 (S21-W25)            ",1600
https://msbooks.pk/product/a-level-unsolved-yearly-history-paper-1-five-years/,"
                A Level Yearly Unsolved History Paper 1 (S21-W25)            ",1600
https://msbooks.pk/product/a-level-unsolved-yearly-history-paper-2-five-years/,"
                A Level Yearly Unsolved History Paper 2 (S21-W25)            ",2050
https://msbooks.pk/product/a-level-unsolved-yearly-history-paper-3-five-years/,"
                A Level Yearly Unsolved History Paper 3 (S21-W25)            ",650
https://msbooks.pk/product/a-level-unsolved-yearly-history-paper-4-five-years/,"
                A Level Yearly Unsolved History Paper 4 (S21-W25)            ",1650
https://msbooks.pk/product/a-level-unsolved-yearly-law-paper-1-five-years/,"
                A Level Yearly Unsolved Law Paper 1 (S21-W25)            ",1000
https://msbooks.pk/product/a-level-unsolved-yearly-law-paper-2-five-years/,"
                A Level Yearly Unsolved Law Paper 2 (S21-W25)            ",1150
https://msbooks.pk/product/a-level-unsolved-yearly-law-paper-3-five-years/,"
                A Level Yearly Unsolved Law Paper 3 (S21-W25)            ",900
https://msbooks.pk/product/a-level-unsolved-yearly-law-paper-4-five-years/,"
                A Level Yearly Unsolved Law Paper 4 (S21-W25)            ",800
https://msbooks.pk/product/a-level-unsolved-yearly-mathematics-paper-1-five-years/,"
                A Level Yearly Unsolved Mathematics Paper 1 (S21-W25)            ",3250
https://msbooks.pk/product/a-level-unsolved-yearly-mathematics-paper-3-five-years/,"
                A Level Yearly Unsolved Mathematics Paper 3  (S21-W25)            ",3350
https://msbooks.pk/product/a-level-unsolved-yearly-mathematics-paper-4-five-years/,"
                A Level Yearly Unsolved Mathematics Paper 4 (M1) (S21-W25)            ",2350
https://msbooks.pk/product/a-level-unsolved-yearly-mathematics-paper-5-five-years/,"
                A Level Yearly Unsolved Mathematics Paper 5 (S1) (S21-W25)            ",2400
https://msbooks.pk/product/a-level-unsolved-yearly-physics-paper-1-five-years/,"
                A level Yearly Unsolved Physics Paper 1 (S21-W25)            ",1850
https://msbooks.pk/product/a-level-unsolved-yearly-physics-paper-2-five-years/,"
                A Level Yearly Unsolved Physics Paper 2 (S21-W25)            ",1800
https://msbooks.pk/product/a-level-unsolved-yearly-physics-paper-3-five-years/,"
                A Level Yearly Unsolved Physics Paper 3 (S20-S25)            ",1150
https://msbooks.pk/product/a-level-unsolved-yearly-physics-paper-4-five-years/,"
                A Level Yearly Unsolved Physics Paper 4 (S21-W25)            ",1900
https://msbooks.pk/product/a-level-unsolved-yearly-physics-paper-5-five-years/,"
                A Level Yearly Unsolved Physics Paper 5 (S21-W25)            ",800
https://msbooks.pk/product/a-level-unsolved-yearly-psychology-paper-1-five-years/,"
                A Level Yearly Unsolved Psychology Paper 1 (S21-W25)            ",2200
https://msbooks.pk/product/a-level-unsolved-yearly-psychology-paper-2-five-years/,"
                A Level Yearly Unsolved Psychology Paper 2 (S21-W25)            ",2550
https://msbooks.pk/product/a-level-unsolved-yearly-psychology-paper-3-five-years/,"
                A Level Yearly Unsolved Psychology Paper 3 (S21-W25)            ",3000
https://msbooks.pk/product/a-level-unsolved-yearly-psychology-paper-4-five-years/,"
                A Level Yearly Unsolved Psychology Paper 4 (S21-W25)            ",2300
https://msbooks.pk/product/a-level-unsolved-yearly-sociology-paper-1-five-years/,"
                A Level Yearly Unsolved Sociology Paper 1 (S21-W25)            ",1250
https://msbooks.pk/product/a-level-unsolved-yearly-sociology-paper-2-five-years/,"
                A Level Yearly Unsolved Sociology Paper 2 (S21-W25)            ",1350
https://msbooks.pk/product/a-level-unsolved-yearly-sociology-paper-3-five-years/,"
                A Level Yearly Unsolved Sociology Paper 3 (S21-W25)            ",700
https://msbooks.pk/product/a-level-unsolved-yearly-thinking-skills-paper-1-five-years/,"
                A Level Yearly Unsolved Thinking Skills Paper 1 (S21-W25)            ",1600
https://msbooks.pk/product/a-level-unsolved-yearly-thinking-skills-paper-2-five-years/,"
                A Level Yearly Unsolved Thinking Skills Paper 2 (S21-W25)            ",1050
https://msbooks.pk/product/a-level-unsolved-yearly-thinking-skills-paper-3-five-years/,"
                A Level Yearly Unsolved Thinking Skills Paper 3 (S21-W25)            ",750
https://msbooks.pk/product/a-level-unsolved-yearly-thinking-skills-paper-4-five-years/,"
                A Level Yearly Unsolved Thinking Skills Paper 4 (S21-W25)            ",1050
https://msbooks.pk/product/a-level-unsolved-yearly-travel-and-tour-paper-1-five-years/,"
                A Level Yearly Unsolved Travel & Tour P1 (S20-W24)            ",2350
https://msbooks.pk/product/a-level-unsolved-yearly-travel-and-tour-paper-3-five-years/,"
                A Level Yearly Unsolved Travel & Tour P3 (S20-W24)            ",1800
https://msbooks.pk/product/a-level-unsolved-yearly-travel-and-tour-paper-4-five-years/,"
                A Level Yearly Unsolved Travel & Tour P4 (S20-W24)            ",1650
https://msbooks.pk/product/a-level-unsolved-yearly-urdu-paper-2-3-and-4-five-years/,"
                A Level Yearly Unsolved Urdu Paper 2, 3, & 4  (S21-W25)            ",1350
https://msbooks.pk/product/A2-level-economics-notes-by-zubair-hussain/,"
                A2 Level Economics Notes By Zubair Hussain            ",900
https://msbooks.pk/product/a-level-maths-notes-m1-paper-4-by-rafeeq-akhtar/,"
                AL Maths Notes (M1) Paper 4 By Rafeeq Akhtar            ",600
https://msbooks.pk/product/a-level-maths-notes-s1-paper-5-by-rafeeq-akhtar/,"
                AL Maths Notes (S1) Paper 5 By Rafeeq Akhtar            ",800
https://msbooks.pk/product/a-level-maths-notes-paper-1-by-rafeeq-akhtar/,"
                AL Maths Notes Paper 1 By Rafeeq Akhtar            ",850
https://msbooks.pk/product/a-level-maths-notes-paper-3-by-rafeeq-akhtar/,"
                AL Maths Notes Paper 3 By Rafeeq Akhtar            ",750
https://msbooks.pk/product/a-level-unsolved-topical-accounting-p1/,"
                AL Unsolved Topical Accounting P1 (2025-2026 Edition)            ",1450
https://msbooks.pk/product/a-level-unsolved-topical-accounting-p2/,"
                AL Unsolved Topical Accounting P2 (2025-2026 Edition)            ",3000
https://msbooks.pk/product/a-level-unsolved-topical-accounting-p3/,"
                AL Unsolved Topical Accounting P3 (2025-2026 Edition)            ",1850
https://msbooks.pk/product/a-level-unsolved-topical-accounting-p4/,"
                AL Unsolved Topical Accounting P4 (2025-2026 Edition)            ",950
https://msbooks.pk/product/a-level-unsolved-topical-biology-p1/,"
                AL Unsolved Topical Biology P1 (2025-2026 Edition)            ",2300
https://msbooks.pk/product/a-level-unsolved-topical-biology-p2/,"
                AL Unsolved Topical Biology P2 (2025-2026 Edition)            ",2550
https://msbooks.pk/product/a-level-unsolved-topical-biology-p4/,"
                AL Unsolved Topical Biology P4 (2025-2026 Edition)            ",2650
https://msbooks.pk/product/a-level-unsolved-topical-biology-p5/,"
                AL Unsolved Topical Biology P5 (2025-2026 Edition)            ",1600
https://msbooks.pk/product/a-level-unsolved-topical-chemistry-p1/,"
                AL Unsolved Topical Chemistry P1 (2025-2026 Edition)            ",1950
https://msbooks.pk/product/a-level-unsolved-topical-chemistry-p2/,"
                AL Unsolved Topical Chemistry P2 (2025-2026 Edition)            ",2200
https://msbooks.pk/product/a-level-unsolved-topical-chemistry-p4/,"
                AL Unsolved Topical Chemistry P4 (2025-2026 Edition)            ",2850
https://msbooks.pk/product/a-level-unsolved-topical-chemistry-p5/,"
                AL Unsolved Topical Chemistry P5 (2025-2026 Edition)            ",1600
https://msbooks.pk/product/a-level-unsolved-topical-computer-science-p1/,"
                AL Unsolved Topical Computer Science P1 (2025-2026 Edition)            ",1650
https://msbooks.pk/product/a-level-unsolved-topical-computer-science-p2/,"
                AL Unsolved Topical Computer Science P2 (2025-2026 Edition)            ",2000
https://msbooks.pk/product/a-level-unsolved-topical-computer-science-p3/,"
                AL Unsolved Topical Computer Science P3 (2025-2026 Edition)            ",1050
https://msbooks.pk/product/a-level-unsolved-topical-maths-p1/,"
                AL Unsolved Topical Maths P1 (2025-2026 Edition)            ",2900
https://msbooks.pk/product/a-level-unsolved-topical-maths-p3/,"
                AL Unsolved Topical Maths P3 (2025-2026 Edition)            ",3050
https://msbooks.pk/product/a-level-unsolved-topical-maths-p4/,"
                AL Unsolved Topical Maths P4 (M1) (2025-2026 Edition)            ",2300
https://msbooks.pk/product/a-level-unsolved-topical-maths-p5/,"
                AL Unsolved Topical Maths P5 (S1) (2025-2026 Edition)            ",2400
https://msbooks.pk/product/a-level-unsolved-topical-physics-p1/,"
                AL Unsolved Topical Physics P1 (2025-2026 Edition)            ",2200
https://msbooks.pk/product/a-level-unsolved-topical-physics-p2/,"
                AL Unsolved Topical Physics P2 (2025-2026 Edition)            ",2450
https://msbooks.pk/product/a-level-unsolved-topical-physics-p4/,"
                AL Unsolved Topical Physics P4 (2025-2026 Edition).            ",2450
https://msbooks.pk/product/a-level-unsolved-topical-physics-p5/,"
                AL Unsolved Topical Physics P5 (2025-2026 Edition)            ",1200
https://msbooks.pk/product/as-A-level-Biology-notes-by-Dr-Saira/,"
                AS & A Level Biology Notes By Dr Saira            ",1000
https://msbooks.pk/product/as-level-biology-notes-by-hamza-fayyaz/,"
                AS Level Biology Notes by Hamza Fayyaz            ",700
https://msbooks.pk/product/as-level-chemistry-notes-by-Muhammad-Ali/,"
                AS Level Chemistry Notes By Muhammad Ali            ",1650
https://msbooks.pk/product/As-level-economics-notes-by-zubair-hussain/,"
                As Level Economics Notes By Zubair Hussain            ",550
https://msbooks.pk/product/as-level-Mathematics-notes-by-Moosa-Kashif/,"
                AS Level Mathematics Notes By Moosa Kashif            ",1200
https://msbooks.pk/product/as-level-physics-notes-by-hamiz-javed/,"
                AS Level Physics Notes by Hamiz javed            ",1200
https://msbooks.pk/product/as-level-physics-notes-by-syed-jibran-ali/,"
                AS Level Physics Notes by Syed Jibran ALi            ",800
https://msbooks.pk/product/igcse-unsolved-yearly-accounting-paper-1-five-years/,"
                (IGCSE) Yearly Unsolved Accounting Paper 1 (S21-W25)            ",850
https://msbooks.pk/product/igcse-unsolved-yearly-accounting-paper-2-five-years/,"
                (IGCSE) Yearly Unsolved Accounting Paper 2 (S21-W25)            ",2100
https://msbooks.pk/product/igcse-unsolved-yearly-add-maths-paper-1-five-years/,"
                (IGCSE) Yearly Unsolved Add Maths Paper 1 (S21-W25)            ",2150
https://msbooks.pk/product/igcse-unsolved-yearly-add-maths-paper-2-five-years/,"
                (IGCSE) Yearly Unsolved Add Maths Paper 2 (S21-W25)            ",2200
https://msbooks.pk/product/igcse-unsolved-yearly-biology-paper-2-five-years/,"
                (IGCSE) Yearly Unsolved Biology Paper 2 (S21-W25)            ",1550
https://msbooks.pk/product/igcse-unsolved-yearly-biology-paper-4-five-years/,"
                (IGCSE) Yearly Unsolved Biology Paper 4 (S21-W25)            ",2550
https://msbooks.pk/product/igcse-unsolved-yearly-biology-paper-6-five-years/,"
                (IGCSE) Yearly Unsolved Biology Paper 6 (S21-W25)            ",1550
https://msbooks.pk/product/igcse-unsolved-yearly-business-studies-paper-1-five-years/,"
                (IGCSE) Yearly Unsolved Business Studies Paper 1 (S21-W25)            ",2700
https://msbooks.pk/product/igcse-unsolved-yearly-business-studies-paper-2-five-years/,"
                (IGCSE) Yearly Unsolved Business Studies Paper 2 (S21-W25)            ",2550
https://msbooks.pk/product/igcse-unsolved-yearly-chemistry-paper-2-five-years/,"
                (IGCSE) Yearly Unsolved Chemistry Paper 2 (S21-W25)            ",1400
https://msbooks.pk/product/igcse-unsolved-yearly-chemistry-paper-4-five-years/,"
                (IGCSE) Yearly Unsolved Chemistry Paper 4 (S21-W25)            ",1850
https://msbooks.pk/product/igcse-unsolved-yearly-chemistry-paper-6-five-years/,"
                (IGCSE) Yearly Unsolved Chemistry Paper 6 (S21-W25)            ",1350
https://msbooks.pk/product/igcse-unsolved-yearly-computer-science-paper-1-five-years/,"
                (IGCSE) Yearly Unsolved Computer Science Paper 1 (S21-W25)            ",1800
https://msbooks.pk/product/igcse-unsolved-yearly-computer-science-paper-2-five-years/,"
                (IGCSE) Yearly Unsolved Computer Science Paper 2 (S21-W25)            ",2650
https://msbooks.pk/product/igcse-unsolved-yearly-economics-paper-1-five-years/,"
                (IGCSE) Yearly Unsolved Economics Paper 1 (S21-W25)            ",1050
https://msbooks.pk/product/igcse-unsolved-yearly-economics-paper-2-five-years/,"
                (IGCSE) Yearly Unsolved Economics Paper 2 (S21-W25)            ",2450
https://msbooks.pk/product/igcse-unsolved-yearly-english-first-language-paper-1-five-years/,"
                (IGCSE) Yearly Unsolved English First Language Paper 1 (S21-W25)            ",3250
https://msbooks.pk/product/igcse-unsolved-yearly-english-first-language-paper-2-five-years/,"
                (IGCSE) Yearly Unsolved English First Language Paper 2 (S21-W25)            ",1950
https://msbooks.pk/product/igcse-unsolved-yearly-english-second-language-paper-2-five-years/,"
                (IGCSE) Yearly Unsolved English Second Language Paper 1 (S21-W25)            ",2000
https://msbooks.pk/product/igcse-unsolved-yearly-english-second-language-paper-4-five-years/,"
                (IGCSE) Yearly Unsolved English Second Language Paper 2 (S21-W25)            ",1350
https://msbooks.pk/product/igcse-unsolved-yearly-environmental-management-paper-1-five-years/,"
                (IGCSE) Yearly Unsolved Environmental Management Paper 1 (S21-W25)            ",2550
https://msbooks.pk/product/igcse-unsolved-yearly-environmental-management-paper-2-five-years/,"
                (IGCSE) Yearly Unsolved Environmental Management Paper 2 (S21-W25)            ",2600
https://msbooks.pk/product/igcse-unsolved-yearly-global-prescriptive-paper-1-five-years/,"
                (IGCSE) Yearly Unsolved Global Prescriptive Paper 1 (S21-W25)            ",2350
https://msbooks.pk/product/igcse-unsolved-yearly-ict-paper-1-five-years/,"
                (IGCSE) Yearly Unsolved ICT Paper 1 (S21-W25)            ",2000
https://msbooks.pk/product/igcse-unsolved-yearly-islamiyat-paper-1-five-years/,"
                (IGCSE) Yearly Unsolved Islamiyat Paper 1 (S21-W25)            ",1900
https://msbooks.pk/product/igcse-unsolved-yearly-islamiyat-paper-2-five-years/,"
                (IGCSE) Yearly Unsolved Islamiyat Paper 2 (S21-W25)            ",1800
https://msbooks.pk/product/igcse-unsolved-yearly-mathematics-paper-2-five-years/,"
                (IGCSE) Yearly Unsolved Mathematics Paper 2 (S21-W25)            ",1700
https://msbooks.pk/product/igcse-unsolved-yearly-mathematics-paper-4-five-years/,"
                (IGCSE) Yearly Unsolved Mathematics Paper 4 (S21-W25)            ",2550
https://msbooks.pk/product/igcse-unsolved-yearly-pak-studies-paper-1-five-years/,"
                (IGCSE) Yearly Unsolved Pak. Studies Paper 1 (S19-S25)            ",450
https://msbooks.pk/product/igcse-unsolved-yearly-pak-studies-paper-2-five-years/,"
                (IGCSE) Yearly Unsolved Pak. Studies Paper 2 (S19-S25)            ",1000
https://msbooks.pk/product/igcse-unsolved-yearly-physics-paper-2-five-years/,"
                (IGCSE) Yearly Unsolved Physics Paper 2 (S21-W25)            ",1650
https://msbooks.pk/product/igcse-unsolved-yearly-physics-paper-4-five-years/,"
                (IGCSE) Yearly Unsolved Physics Paper 4 (S21-W25)            ",2300
https://msbooks.pk/product/igcse-unsolved-yearly-physics-paper-6-five-years/,"
                (IGCSE) Yearly Unsolved Physics Paper 6 (S21-W25)            ",1500
https://msbooks.pk/product/igcse-unsolved-yearly-sociology-paper-1-five-years/,"
                (IGCSE) Yearly Unsolved Sociology Paper 1 (S21-W25)            ",2000
https://msbooks.pk/product/igcse-unsolved-yearly-sociology-paper-2-five-years/,"
                (IGCSE) Yearly Unsolved Sociology Paper 2 (S21-W25)            ",2500
https://msbooks.pk/product/igcse-unsolved-yearly-urdu-paper-1-and-2-five-years/,"
                (IGCSE) Yearly Unsolved Urdu Paper 1 & 2 (S19-S25)            ",750
https://msbooks.pk/product/igcse-unsolved-topical-biology-paper-2/,"
                IGCSE Unsolved Topical Biology Paper 2 (Mcqs) (2025-2026 Edition)            ",1600
https://msbooks.pk/product/igcse-unsolved-topical-biology-paper-4/,"
                IGCSE Unsolved Topical Biology Paper 4 (Theory) (2025-2026 Edition)            ",2700
https://msbooks.pk/product/igcse-unsolved-topical-biology-paper-6/,"
                IGCSE Unsolved Topical Biology Paper 6 (ATP) (2025-2026 Edition)            ",1900
https://msbooks.pk/product/igcse-unsolved-topical-chemistry-paper-2/,"
                IGCSE Unsolved Topical Chemistry Paper 2 (Mcqs) (2025-2026 Edition)            ",1500
https://msbooks.pk/product/igcse-unsolved-topical-chemistry-paper-4/,"
                IGCSE Unsolved Topical Chemistry Paper 4 (Theory) (2025-2026 Edition)            ",2050
https://msbooks.pk/product/igcse-unsolved-topical-chemistry-paper-6/,"
                IGCSE Unsolved Topical Chemistry Paper 6 (ATP) (2025-2026 Edition)            ",1450
https://msbooks.pk/product/igcse-unsolved-topical-maths-paper-2/,"
                IGCSE Unsolved Topical Maths Paper 2 (2025-2026 Edition)            ",2050
https://msbooks.pk/product/igcse-unsolved-topical-maths-paper-4/,"
                IGCSE Unsolved Topical Maths Paper 4 (2025-2026 Edition)            ",3050
https://msbooks.pk/product/igcse-unsolved-topical-physics-paper-2/,"
                IGCSE Unsolved Topical Physics Paper 2 (Mcqs) (2025-2026 Edition)            ",1800
https://msbooks.pk/product/igcse-unsolved-topical-physics-paper-4/,"
                IGCSE Unsolved Topical Physics Paper 4 (Theory) (2025-2026 Edition)            ",2350
https://msbooks.pk/product/igcse-unsolved-topical-physics-paper-6/,"
                IGCSE Unsolved Topical Physics Paper 6 (ATP) (2025-2026 Edition)            ",1900
